theme_id,theme_name,content_order,content_idx,parent_category_idx,title,summary,image_url,reg_dt,view_count,content_url
162078,DDR5,1,392,1,[테마주] DDR5 관련주,,/Files/Contents/Editor/20210811011345782.PNG,2021-08-11 13:20:45,2568,https://finance.finup.co.kr/content/392
3363,방산,1,519,1,K2 전차·K9 자주포 폴란드 수출 본계약," K2 전차와 K9 자주포의 1차 본계약이 오는 26일 폴란드에서 체결될 것으로 전해졌습니다.
23일 방산업계 관계자 등에 따르면 올해 1~7월 한국 방산 기업이 체결한 주요 수출 계약의 총규모는 약 26조 원으로 추산되며, 이들 제품의 사후정비 시장(애프터마켓) 규모는 그 이상이 될 것으로 예상되고 있습니다. ",/Files/Contents/Editor/20220825075437773.PNG,2022-08-25 07:57:33,1377,https://finance.finup.co.kr/content/519
3363,방산,2,463,1,[테마주] 방위산업 관련주,,/Files/Contents/Editor/20220620112751913.jpg,2022-06-20 11:27:59,5227,https://finance.finup.co.kr/content/463
150313,비메모리 반도체,1,53682,1,퀄컴∙엔비디아 등 주요 팹리스사 '삼성 파운드리' 채택 가능성 ↑,"✔️삼성 파운드리 사업 '주목'... 3~5nm 초미세공정 수율 개선 확인
✔️삼성 파운드리 주목 이유 3가지(하이투자증권) ",20230712145758768.jpg,2023-07-12 14:58:00,976,https://finance.finup.co.kr/content/53682
150313,비메모리 반도체,2,47265,1,'7만전자' '10만닉스' 탈환에 반도체 소부장 업체 수혜 기대 ,"✔국내 반도체 기업 주가 나침반 '필라델피아 반도체지수' 상승
✔삼성전자·SK하이닉스 올 3분기 실적 개선 전망... 메모리 반도체 소부장 '주목' ",20230602142515947.jpg,2023-06-02 14:25:17,901,https://finance.finup.co.kr/content/47265
154420,영상 콘텐츠,1,8774,1,넷플릭스 호실적 발표... 이상한 변호사 우영우 등 K콘텐츠 주도,"✔넷플릭스 가입자 수 241만 명 증가... 시장 전망치 2배 웃돌아
✔넷플릭스 호실적 K콘텐츠가 주도... 우영우 누적 시청 시간 4억 2백만 시간",20221019121427415.jpg,2022-10-19 12:14:30,3202,https://finance.finup.co.kr/content/8774
161672,조선/LNG선,1,3613,1,유럽 에너지 사재기에 LNG선 운임 급등,"✔동절기 앞두고 유럽 국가들 LNG·원유 등 에너지 확보에 나서면서 운반선 운임 급등
✔해상 운임 급등에 아시아 에너지 가격 상승 전망",20220921121406992.jpg,2022-09-21 12:14:09,919,https://finance.finup.co.kr/content/3613
161672,조선/LNG선,2,473,1,[테마주] LNG선 관련주,,/Files/Contents/Editor/20220701080608743.jpg,2022-07-01 08:10:46,2683,https://finance.finup.co.kr/content/473
155287,반도체 장비,1,56308,1,전 세계 AI 붐이 반도체 산업 이끈다... 반도체 반등 이미 시작,"✔️'AI 붐' 반도체 랠리 주도... 램리서치 52주 신고가 경신
✔️반도체 업황 반등 시작 : 실리콘 웨이퍼 출하량 상승세로 전환",20230728151025506.png,2023-07-28 15:10:20,1249,https://finance.finup.co.kr/content/56308
155287,반도체 장비,2,55780,1,D램 현물가 상승 국면 진입에 'K-반도체 반등설 제기',"✔️D램 반도체 'DDR4' 현물가격 상승… 업황 회복 조짐
✔️2Q 실적 공개 앞둔 삼성·SK '반도체 성적표 주목'",20230725143912633.png,2023-07-25 14:39:10,891,https://finance.finup.co.kr/content/55780
150841,엔터테인먼트,1,18965,1,한한령 해제 기대감... 이번 주 한중 외교장관 회담 개최 ,"✔중국 OTT 유쿠 등 한국 드라마 방영 시작... 한한령 해제 조짐
✔이번 주 한중 외교장관 회담 열린다... 한한령 해제 논의 전망",20221212112151689.jpg,2022-12-12 11:21:52,3276,https://finance.finup.co.kr/content/18965
150841,엔터테인먼트,2,410,1,[테마주] 미디어엔터 관련주,,/Files/Contents/Editor/20220104020549655.jpg,2022-01-04 14:03:41,1375,https://finance.finup.co.kr/content/410
3344,시멘트/레미콘,1,9722,1,"시멘트 가격 인상 시점 연기, 레미콘사 셧다운 유보","✔중소 레미콘업계 비대위, 시멘트 가격 인상 시기 2023년 1월 1일로 연기
✔유연탄 가격 상승으로 시멘트업계 '비상'... 사업 다각화 본격 나서",20221024140826256.jpg,2022-10-24 14:08:27,747,https://finance.finup.co.kr/content/9722
3344,시멘트/레미콘,2,429,1,[테마주] 시멘트 관련주,,/Files/Contents/Editor/20220414044631450.PNG,2022-04-14 16:49:00,1252,https://finance.finup.co.kr/content/429
150847,반도체 후공정,1,37062,1,"위축된 반도체 산업 날개펼까... ""2026년 팹 생산능력 역대 최대 전망""","✔반도체 지속 성장세... 2026년 팹 생산능력 역대 최대 전망
✔삼성전자, 반도체 패키징에 1000억 투자 검토 중",20230329140804136.jpg,2023-03-29 14:08:10,667,https://finance.finup.co.kr/content/37062
3312,2차전지,1,67406,1,"테슬라발 훈풍에 국내 2차전지주 반등... 정부, 이차전지 소재 수출 확대 총력","﻿✔️테슬라 주가 급등에 국내 2차전지주 동반 강세
﻿✔️정부, 이차전지 소재 등 9대 핵심 분야 수출확대 프로젝트 추진",2023100514462289.png,2023-10-05 14:46:20,1027,https://finance.finup.co.kr/content/67406
3312,2차전지,2,38998,1,"美 IRA로 국내 배터리 업체 북미시장 진출↑... 정부 '7조원' 지원사격 나선다
","✔美 IRA 세액공제로 글로벌 시장 K-배터리 가격 경쟁력↑
✔산업부, 국내 배터리 기업 북미시장 진출 위해 '7조원' 지원",20230410120824224.jpg,2023-04-10 12:08:24,826,https://finance.finup.co.kr/content/38998
3407,로봇,1,63576,1,로봇주 강세 속 로봇 핵심부품 '감속기' 생산 업체 '주목' ,"✔️흥국증권 ""로봇 정밀감속기 업체 에스피지 주목""
✔️국내 최대 로봇전시회 '2023 로보월드' 개최",2023091115030810.png,2023-09-11 15:03:07,4798,https://finance.finup.co.kr/content/63576
3407,로봇,2,62892,1,"'AI 로봇 시대' 삼성, 노인용 AI로봇 개발 스타트업 '인튜이션로보틱스'에 추가 투자","✔️삼성넥스트, 이스라엘 로봇 스타트업에 추가 투자
✔️올해 국내 서빙로봇 1만대 시대 열린다",20230907145843555.png,2023-09-07 14:58:43,1546,https://finance.finup.co.kr/content/62892
159955,수소연료전지,1,11598,1,"한국-사우디, 수소 등 청정에너지 분야 협력 방안 논의","✔한국-사우디, ﻿수소 정책·모빌리티 등 다양한 분야에서 수소 협력 강화
✔'제1회 수소의 날' 기념식에서 박일준 산업부 2차관 ""세계 1등 수소 강국으로 도약할 것""",20221103115512354.jpg,2022-11-03 11:55:15,2508,https://finance.finup.co.kr/content/11598
159955,수소연료전지,2,2929,1,수소 트럭 스타트업 '니콜라' 주가 급등... 국내 기업들 수소 생태계 확장 나서 ,"✔14일(현지시간) 뉴욕증시에서 수소·전기 트럭 스타트업 니콜라 주가 급등
✔롯데, SK, 현대 등 국내 기업들 수소 생태계 확장 나서 ",20220915115834186.jpg,2022-09-15 11:58:36,3085,https://finance.finup.co.kr/content/2929
4441,우주항공,1,32307,1,한국 기업 최초 스페이스X 공급사 탄생할까,"✔세아그룹, 일론 머스크의 우주기업 '스페이스X'와 공급계약 협상中
✔스페이스X의 위성 인터넷 사업 '스타링크' 올해 수익 전망",20230227131843801.png,2023-02-27 13:18:47,1388,https://finance.finup.co.kr/content/32307
4441,우주항공,2,29466,1,"테슬라 청사진 '마스터플랜 3' 옵티머스, 스페이스X 포함될까","✔일론 머스크 ""오는 3월 1일 테슬라 마스터플랜 3 공개""
✔테슬라 마스터플랜 3에 테슬라 봇 '옵티머스', 스페이스X 관련 계획 포함 가능성",20230209133336825.jpg,2023-02-09 13:33:43,1015,https://finance.finup.co.kr/content/29466
154286,자동차 부품,1,52714,1,글로벌 완성차 기업 역대급 실적에 '자동차 부품사 동반 호조 전망',"✔️글로벌 완성차 판매량 증가세… 'GM 18.8% 증가'
✔️현대차그룹, 2분기 실적 역대 최대",20230706132048428.jpg,2023-07-06 13:20:49,1083,https://finance.finup.co.kr/content/52714
154286,자동차 부품,2,44518,1,"기아, 멕시코 신규 EV 공장 설립에 10만 달러 투자 ","✔기아, 대형 SUV 전기차 'EV9' 사전예약 1만대 돌파
✔자동차·자동차부품 업종, 올해 1분기 영업이익·매출액 증가율 1위",20230516140528689.jpg,2023-05-16 14:05:30,990,https://finance.finup.co.kr/content/44518
165004,AI반도체,1,60628,1,"엔비디아, 어닝 서프라이즈 및 자사주 매입으로 'AI 붐' 증명... 주가 급등  ","✔️엔비디아, 2분기 실적도 날아올랐다... AI 붐 증명
✔️엔비디아, 250억 달러 자사주 매입 발표",2023082414441817.png,2023-08-24 14:44:17,1114,https://finance.finup.co.kr/content/60628
165004,AI반도체,2,53884,1,"엔비디아, 美 상장 앞둔 'ARM' 앵커 투자자 참여 가능성↑","✔️ARM 핵심 투자자로 떠오른 '엔비디아'
✔️엔비디아, 실전 전망 날아올랐다… '2분기 매출 전망치 120억 달러'",20230713151007878.jpg,2023-07-13 15:10:09,539,https://finance.finup.co.kr/content/53884
150781,원자력,1,64829,1,국내 원전수출 길 '활짝' 열린다... 웨스팅하우스 제기 'APR 1400' 소송 '각하',"✔️워싱텅DC 법원, 웨스팅하우스 제기 소송 '각하' 판결
✔️﻿정부, 오는 2027년까지 원전 수출 기업 100개 사 육성",20230919144606822.png,2023-09-19 14:46:05,1247,https://finance.finup.co.kr/content/64829
150781,원자력,2,40614,1,브레이크 걸린 '한국형 원전 수출' 해법 나올까,"✔한·미 양국 정산, 한수원-WH 원전 분쟁 합의할까
✔한국형 SMR '스마트' 해외진출길 열려... 캐나다 앨버타주와 배대면 협약",2023042014020923.jpg,2023-04-20 14:02:16,1083,https://finance.finup.co.kr/content/40614
165277,의료AI,1,62730,1,'의료 AI' 시장 급성장 기대감에 외국인 매수세 몰려 ,"✔️국내 '의료 AI 관련주' 연일 신고가 경신
✔️식약처, 국내 AI 의료기기 규제 완화 나서",2023090614235980.png,2023-09-06 14:23:57,1116,https://finance.finup.co.kr/content/62730
165277,의료AI,2,49486,1,"AI 도입 필수시대 '의료 AI' 주목... ""의료 분야 AI 채택 가장 빠를 것""","✔️AI 열풍 속 루닛∙뷰노 등 의료 AI 관련주 강세
✔️옴디아 ""2027년까지 의료분야 AI 채택 가장 빠르게 증가할 것""",2023061614242747.jpg,2023-06-16 14:24:27,937,https://finance.finup.co.kr/content/49486
162887,AI(인공지능),1,71958,1,"윤석열 대통령 ""교육 혁신운 지역이 주도"" 발언에 교육 관련 테마 상승  [데일리 이슈]",,20231103111559910.png,2023-11-03 11:15:58,1095,https://finance.finup.co.kr/content/71958
162887,AI(인공지능),2,56912,1,"구글·아마존 등 빅테크 기업, 생성형 AI 도입에 '속도'","✔️구글·아마존, 전통 디지털 비서 →생성형 AI로 탈바꿈
✔️델(DELL), 엔비디아와 손잡고 생성형 AI 솔루션 출시 ",20230801142338732.png,2023-08-01 14:23:40,1009,https://finance.finup.co.kr/content/56912
3378,수소차,1,12734,1,"정부, 세계 1등 수소산업 육성 본격화... ""2030년까지 수소차  3만대 보급""","✔윤석열 정부 출범 이후 첫 수소경제위원회 개최... 수소경제 '3대 성장 전략' 발표
✔커지는 수소차 시장... 폭스바겐·BMW도 수소차 양산",20221110121703335.jpg,2022-11-10 12:17:03,5306,https://finance.finup.co.kr/content/12734
3378,수소차,2,521,1,"尹 정부, 수소 생태계 만들기 적극적 행보","정부는 우선 다음 달 수소경제위원회를 개최하고 구체적인 수소 활성화 정책을 다룰 예정인데요. 회의에선 수소 경제 생태계 구축에 대한 세부 계획을 구체화할 계획이며, 오는 12월 발효되는 수소 경제 육성 및 수소 안전관리법(수소법) 하위 법령과 관련한 세부 사항도 논의할 전망입니다.",/Files/Contents/Editor/20220826012019530.PNG,2022-08-26 13:23:08,740,https://finance.finup.co.kr/content/521
165042,반도체 HBM,1,51584,1,"HBM 수요 강세, 마이크론 실적 발표에 '반도체 업황 바닥론' 힘실려","✔️글로벌 시장조사업체 트렌드포스 ""올해 HBM 수요 60% 성장"" 전망
✔️마이크론 실적 발표에 힘실리는 '반도체 업황 바닥론'",2023062914321460.jpg,2023-06-29 14:32:16,916,https://finance.finup.co.kr/content/51584
166306,초전도체,1,59356,1,"퀀텀에너지연구소 ""1차원 구리원자 사슬에서 초전도 현상"" 수정 논문 공개","✔️퀀텀에너지연구소, 초전도성 주장하는 수정 논문 공개
✔️과기정통부 산하 광주과학기술원(지스트), 초전도체 검증 나서 ",20230816141535125.png,2023-08-16 14:15:35,1099,https://finance.finup.co.kr/content/59356
166306,초전도체,2,59026,1,"""LK-99 초전도체 맞다"" SNS 옹호론 등장… 국내 초전도학회 '이르면 9월 초 결론'","✔️LK-99 상온 초전도체 옹호론 등장에 주식시장 '또' 들썩
✔️한국초전도저온학회, 2주 내 LK-99 재현 시료 나온다",20230814133045757.png,2023-08-14 13:30:45,582,https://finance.finup.co.kr/content/59026
150775,제약/바이오,1,55136,1,"미래먹거리 '바이오 경제' 선점 경쟁 치열... ""2030년 바이오 생산 100조원 목표""","✔️정부, 2030년 바이오 생산 100조원 · 바이오 수출 500억 달러 목표
✔️글로벌 AI 신약개발 경쟁 치열... 연평균 46% 성장
",20230721142806478.png,2023-07-21 14:28:10,2620,https://finance.finup.co.kr/content/55136
150775,제약/바이오,2,19213,1,中 감기약 사재기 대란에 품귀 사태까지... 감기약 가격 인상 전망,"✔중국, 위드 코로나 전환에 발열 환자 급증
✔중국, 감기약 사재기 대란에 품귀 사태까지 발생... 국내 악영향
✔GC녹십자 탁센 등 내년 감기약 가격 인상 전망",20221213121051908.jpg,2022-12-13 12:10:52,3639,https://finance.finup.co.kr/content/19213
