collected_at,theme_id,theme_name,rank,capture_idx,capture_item_idx,capture_dt,score,percentage_weight,avg_diff_pct,new_flag,hot_flag,summary_rank,description,max_stock_diff_pct,min_stock_diff_pct,sum_trade_value,top5_trade_value,type_stock_name,business_name,theme_url
2026-07-08T00:30:40+09:00,153735,D램,1,10,20260707153955,2026-07-07 15:39:55.339011,149.1,259.5,-6.02,0,0,1,"저장된 정보가 시간이 흐름에 따라 소멸되는 반도체. 임의 접근 기억 장치의 한 종류로, 정보를 구성하는 개개의 비트를 각기 분리된 축전기에 저장하는 기억장치",1.01,-6.92,0,0,,,https://finance.finup.co.kr/theme/153735
2026-07-08T00:30:40+09:00,162078,DDR5,2,10,20260707153955,2026-07-07 15:39:55.339011,113.5,190.82,-6.96,0,0,2,컴퓨터에 쓰이는 메모리 집적 회로 계열. 기존 PC 시장의 주력인 DDR4와 비교해 소비전력은 줄었지만 전송 속도는 최대 약 2배 빨라서 더 많은 데이터를 주고 받음이 가능,1.6,-8.52,0,0,,,https://finance.finup.co.kr/theme/162078
2026-07-08T00:30:40+09:00,153117,3D 낸드,3,10,20260707153955,2026-07-07 15:39:55.339011,113,183.4,-9.17,0,0,3,"메모리 반도체의 한 종류로, 2D(평면) 낸드의 회로를 수직으로 세운 제품 2D(평면) 낸드보다 속도가 빠르고 용량을 크게 늘릴 수 있으며, 안정성과 내구성도 뛰어나고 전기 소모량이 적음",1.01,-10.85,0,0,,,https://finance.finup.co.kr/theme/153117
2026-07-08T00:30:40+09:00,3363,방산,4,10,20260707153955,2026-07-07 15:39:55.339011,60.99999999999999,95.58,-16.2,0,0,4,방위산업체의 준말로 국가가 필요로 하는 국가 방위 관련 장비 및 시설 등 일체 관련한 기업들을 지칭. 대북도발에 주로 반응되는 테마,10.45,-22.65,0,0,,,https://finance.finup.co.kr/theme/3363
2026-07-08T00:30:40+09:00,150313,비메모리 반도체,5,10,20260707153955,2026-07-07 15:39:55.339011,58.699999999999996,88.66,-8.31,0,0,5,정보처리를 목적으로 제작된 반도체. 시스템 반도체라 불림,17.95,-10.85,0,0,,,https://finance.finup.co.kr/theme/150313
2026-07-08T00:30:40+09:00,155428,거푸집(데크플레이트),6,10,20260707153955,2026-07-07 15:39:55.339011,58.199999999999996,84.5,12.53,0,0,6,구조물의 바닥재나 거푸집 대용으로 사용되는 철강. 판넬 거푸집용은 콘크리트 경화전 액성상태의 콘크리트 무게 및 시공시 하중을 견디는 역할함,29.95,-1.87,0,0,,,https://finance.finup.co.kr/theme/155428
2026-07-08T00:30:40+09:00,154420,영상 콘텐츠,7,10,20260707153955,2026-07-07 15:39:55.339011,57.70000000000001,80.4,-15.15,0,0,7,"영상콘텐츠 관련 기업들이 넷플릭스, 디즈니 플러스 등의 OTT 업체와의 연관성이 부각이 되면서 OOT수혜주로도 부각",8.52,-29.06,0,0,,,https://finance.finup.co.kr/theme/154420
2026-07-08T00:30:40+09:00,161672,조선/LNG선,8,10,20260707153955,2026-07-07 15:39:55.339011,55.5,74.06,-14.31,0,0,8,"조선업은 해운업, 수산업, 군수산업, 관광산업 등에 사용되는 각종 선박 건조 및 에너지와 자원의 개발, 가공, 저장 등에 사용되는 장비와 설비 등을 개발 및 생산하는 산업이며, 그 중 LNG선은 LNG(액화천연가스)를 수송하는 선박으로 큰 저온 단열탱크를 선체 내에 몇 개 갖추고 있어 내부에는 극저온의 LNG가 충전된다.",1.4,-26.03,0,0,,,https://finance.finup.co.kr/theme/161672
2026-07-08T00:30:40+09:00,155287,반도체 장비,9,10,20260707153955,2026-07-07 15:39:55.339011,54.7,69.74,-14.46,0,0,9,반도체 생산에 필요한 각종 장비와 설비를 생산 및 유통하는 업체,5.84,-26,0,0,,,https://finance.finup.co.kr/theme/155287
2026-07-08T00:30:40+09:00,150841,엔터테인먼트,10,10,20260707153955,2026-07-07 15:39:55.339011,53.9,65.73,-13.82,1,0,10,"음원, 영화 및 드라마제작에 관련된 기업군과 매니지먼트관련회사를 칭함. 아시아 대중문화시장에서의 한류열풍, 케이블TV보급확대, 디지털 음원, DMB, IPTV, 스마트폰, 태블릿PC 등 다양한 플랫폼을 통한 콘텐츠 전송 활성화로 콘텐츠에 대한 투자자들의 관심이 높아지면서 부각된 섹터",29.98,-23.75,0,0,,,https://finance.finup.co.kr/theme/150841
2026-07-08T00:30:40+09:00,155439,스마트폰 SLP(차세대 메인보드),11,10,20260707153955,2026-07-07 15:39:55.339011,53,61.4,-7.17,0,0,11,기판 위에 설치된 여러개의 반도체칩들을 묶어 집적도를 높인 모듈 형태 차세대 스마트폰용 메인보드. 고밀도 다층기판이 발전된 형태 삼성전자와 애플이 차세대 모바일에 SLP를 활용한 차세대 메인보드를 탑재할 것이라는 소식에 부각,-3.26,-9.85,0,0,,,https://finance.finup.co.kr/theme/155439
2026-07-08T00:30:40+09:00,3344,시멘트/레미콘,12,10,20260707153955,2026-07-07 15:39:55.339011,52,57.38,13.57,0,0,12,시멘트: 토목과 건축 등에 사용되는 무기질 결합경화제. 레미콘: 시멘트에 자갈 등을 물과 배합해 공사 현장으로 운반하여 타설하는 굳지않은 상태의 콘크리트. 주로 건설경기에 반응하며 원자재 상승으로 인한 가격 상승시 반응하는 테마군,29.93,-9.87,0,0,,,https://finance.finup.co.kr/theme/3344
2026-07-08T00:30:40+09:00,150847,반도체 후공정,13,10,20260707153955,2026-07-07 15:39:55.339011,50.7,52.92,-13.32,0,0,13,"가공된 웨이퍼내 칩을 규격에 맞게 자르고 조립하는 패키징 과정으로 패키징, 테스트공정이 포함",3.03,-26,0,0,,,https://finance.finup.co.kr/theme/150847
2026-07-08T00:30:40+09:00,3312,2차전지,14,10,20260707153955,2026-07-07 15:39:55.339011,49.3,48.62,-13.16,0,0,14,"전기 에너지를 화학 에너지의 형태로 저장해 재사용할 수 있게 만든 전지. 리튬이온 기반 전지가 주를 이루며 철, 니켈 , 망간, 코발트, 구리, 알루미늄 등 다양한 광물이 포함. 세부적으로 양극재, 음극재, 전도체 등으로 소재 구분이 가능",7.56,-14.71,0,0,,,https://finance.finup.co.kr/theme/3312
2026-07-08T00:30:40+09:00,3407,로봇,15,10,20260707153955,2026-07-07 15:39:55.339011,48.5,44.96,-13.11,0,0,15,"자동으로 특정한 일을 할 수 있게 만드는 기계, 자동화 기계가 대표적임",5.65,-18.09,0,0,,,https://finance.finup.co.kr/theme/3407
2026-07-08T00:30:40+09:00,159955,수소연료전지,16,10,20260707153955,2026-07-07 15:39:55.339011,48.400000000000006,42.15,-12.46,0,0,16,수소와 산소를 반응시켜 전기를 생성하는 장치. 화석연료를 이용하는 터빈 발전방식에 비해 에너지 효율이 높고 온실가스 발생이 적은 친환경 에너지원으로 정부가 탈원전 정책을 발표하고 친환경 에너지 정책을 추진하자 부각,8.98,-30,0,0,,,https://finance.finup.co.kr/theme/159955
2026-07-08T00:30:40+09:00,4441,우주항공,17,10,20260707153955,2026-07-07 15:39:55.339011,48,38.919999999999995,-12.56,0,0,17,"한국인 최초 우주인 탄생을 기점으로 나로호 발사(KSLV-I), 한국형 발사체(KSLV-Ⅱ) 개발사업 등 우주개발 사업이 활성화 될 것이라는 기대감이 고조되면서 형성된 섹터",3.86,-16.33,0,0,,,https://finance.finup.co.kr/theme/4441
2026-07-08T00:30:40+09:00,154286,자동차 부품,18,10,20260707153955,2026-07-07 15:39:55.339011,47.9,36.14,-12.42,0,0,18,"자동차 부품 생산업체. 국내 업체들이 전문화, 글로벌화 되고 있으며, 세계 완성차 업계의 납품 관행이 품질 위주로 바뀌면서 가격 대비 품질에서 앞서고 있는 국내 업체들의 해외 직수출이 확대",9.5,-16.97,0,0,,,https://finance.finup.co.kr/theme/154286
2026-07-08T00:30:40+09:00,165004,AI반도체,19,10,20260707153955,2026-07-07 15:39:55.339011,47.699999999999996,33.24,-12.37,0,0,19,AI기술 부각으로 부각된 AI반도체와 관련된 종목군,17.95,-26,0,0,,,https://finance.finup.co.kr/theme/165004
2026-07-08T00:30:40+09:00,150781,원자력,20,10,20260707153955,2026-07-07 15:39:55.339011,47.6,30.36,-12.57,0,0,20,"2008년 2월 이명박 정부 대통령직 인수위원회가 원자력 육성정책을 발표하면서 생성된 섹터. 전세계적인 에너지 수요증가와 친환경 정책, 경제적인 부분 등을 감안하여 원자력 발전의 필요성이 점차 부각된데다 국내 업체들의 해외 원자력발전소 건설 수주가 이어지는 등 업체들의 수혜가 기대됨",4.14,-26.03,0,0,,,https://finance.finup.co.kr/theme/150781
2026-07-08T00:30:40+09:00,154232,지주사,21,10,20260707153955,2026-07-07 15:39:55.339011,47.300000000000004,27.400000000000002,-12.24,0,0,21,"다른 회사의 주식을 소유함으로써, 사업활동을 지배하는 것을 사업으로 하는 회사. 자회사의 지분 보유를 통하여 기업집단의 소유지배구조를 형성하고 있는 기업군",7.95,-23.75,0,0,,,https://finance.finup.co.kr/theme/154232
2026-07-08T00:30:40+09:00,165277,의료AI,22,10,20260707153955,2026-07-07 15:39:55.339011,46.8,24.39,12.71,0,0,22,AI의료기술 보유 및 관련 종목군,30,-6.94,0,0,,,https://finance.finup.co.kr/theme/165277
2026-07-08T00:30:40+09:00,162887,AI(인공지능),23,10,20260707153955,2026-07-07 15:39:55.339011,45.7,21.2,-12.45,0,0,23,"다양한 용도로 활용하기 위해 사용되는 지능화된 제품의 로봇을 총칭. 지능형로봇 산업은 고부가가치 창출이 가능하고, 산업전반의 파급효과가 큰 차세대 핵심산업으로 소득수준의 향상, 고령화 사회의 도래 등으로 향후 수요가 크게 확산될 것으로 전망",9.97,-19.41,0,0,,,https://finance.finup.co.kr/theme/162887
2026-07-08T00:30:40+09:00,3378,수소차,24,10,20260707153955,2026-07-07 15:39:55.339011,45.6,18.55,-12.01,0,0,24,이산화탄소 등의 온실가스를 비롯한 유해물질을 전혀 배출하지 않는 차세대 친환경 자동차. 수소와 산소가 결합하는 과정에서 발생하는 전기적 에너지를 이용하여 움직이는 자동차로 수소가 주연료로 사용됨,3.48,-30,0,0,,,https://finance.finup.co.kr/theme/3378
2026-07-08T00:30:40+09:00,165042,반도체 HBM,25,10,20260707153955,2026-07-07 15:39:55.339011,45.6,15.899999999999999,-11.84,0,0,25,고대역폭 메모리이자 챗GPT용 고성능 메모리임. 관련된 종목군,3.56,-26,0,0,,,https://finance.finup.co.kr/theme/165042
2026-07-08T00:30:40+09:00,155286,LED 장비,26,10,20260707153955,2026-07-07 15:39:55.339011,45.5,13.200000000000001,-11.26,0,0,26,"LED 생산설비 제조사업을 영위하는 업체들. MOCVD(유기금속 화학증착 장비), LED 검사장비, 패키징 장비, LED용 레이저마킹 장비, 자동화공정 장비 등을 개발 및 생산하는 업체들이 있음",5.84,-26,0,0,,,https://finance.finup.co.kr/theme/155286
2026-07-08T00:30:40+09:00,166306,초전도체,27,10,20260707153955,2026-07-07 15:39:55.339011,45.300000000000004,10.52,11.75,0,0,27,한국 연구진이 상온 상압 초전도체를 개발했다는 논문이 알려지며 관련 연구를 진행했던 기업들 부각,29.98,-7.41,0,0,,,https://finance.finup.co.kr/theme/166306
2026-07-08T00:30:40+09:00,167410,SOFC(고체산화물연료전지),28,10,20260707153955,2026-07-07 15:39:55.339011,45,7.83,-11.73,0,0,28,,6.32,-30,0,0,,,https://finance.finup.co.kr/theme/167410
2026-07-08T00:30:40+09:00,154257,전력설비,29,10,20260707153955,2026-07-07 15:39:55.339011,44.9,5.2,-11.79,0,0,29,"발전, 송전,변전, 배전,전기공급, 전기사용을 위하여 설치하는 기계, 기구, 댐, 수로, 전선로, 그 밖의 설비 산업을 지칭함. 북한은 전력설비 인프라 시설이 부족하여 북한과 우호적인 상황이 연출될시 대북관련주에 포함되며 반응",1.7,-16.97,0,0,,,https://finance.finup.co.kr/theme/154257
2026-07-08T00:30:40+09:00,150775,제약/바이오,30,10,20260707153955,2026-07-07 15:39:55.339011,43.8,2.54,-11.42,0,0,30,"희귀병, 암, 당뇨 등 아직까지 완벽하게 치료제가 나오지 않은 병들을 타겟으로 신약을 개발하는 종목군",12.38,-16.36,0,0,,,https://finance.finup.co.kr/theme/150775
